model,val_rmse,val_mae,test_rmse,test_mae
GRU,0.734342939610389,0.6853726506233215,0.7200806780489775,0.668248176574707
