method,val_rmse,test_rmse
ridge_stacking,0.7810488892781786,0.7874484561689772
xgboost_stacking,0.7403772141200425,0.8202580506926026
neural_network,1.0564210692069917,1.0894535909484346
