Metric,Value
RMSE (°C),1.112724791584681
MAE (°C),0.9083527040736373
R² Score,0.9711095779512195
Max Error (°C),5.07246755025108
95% Error (°C),1.579440484555052
99% Error (°C),2.6041792513725435
Mean Error (°C),0.049258590252336115
Error Std Dev (°C),0.7860914461652739
Total Samples,3500.0
